{
    "map1.png" : {
        "goals": [[3, 5], [8, 8], [7, 6]],
        "init": [1, 1, 0]
    },
    "map2.png" : {
        "goals": [[3, 1], [5, 5], [9, 8], [3, 7], [1, 1]],
        "init": [6, 2, 0]
    },
    "map3.png" : {
        "goals": [[6, 1], [5, 7], [3, 7], [1, 9], [4, 5], [1, 1]],
        "init": [9, 5, 0]
    },
    "map4.png" : {
        "goals": [[1, 1], [9, 9], [9, 1], [7, 1], [5, 5], [5, 2]],
        "init": [2, 9, 0]
    },
    "com1building.png" : {
        "goals": [[35, 7], [48, 3], [40, 1], [36, 10], [30, 16], [20, 1], [48, 18], [1, 1], [13, 18]],
        "init": [31, 2, 0]
    }
}
